EXT1,EXT2,EXT3,EXT4,EXT5,EXT6,EXT7,EXT8,EXT9,EXT10,EST1,EST2,EST3,EST4,EST5,EST6,EST7,EST8,EST9,EST10,AGR1,AGR2,AGR3,AGR4,AGR5,AGR6,AGR7,AGR8,AGR9,AGR10,CSN1,CSN2,CSN3,CSN4,CSN5,CSN6,CSN7,CSN8,CSN9,CSN10,OPN1,OPN2,OPN3,OPN4,OPN5,OPN6,OPN7,OPN8,OPN9,OPN10,EXT1_E,EXT2_E,EXT3_E,EXT4_E,EXT5_E,EXT6_E,EXT7_E,EXT8_E,EXT9_E,EXT10_E,EST1_E,EST2_E,EST3_E,EST4_E,EST5_E,EST6_E,EST7_E,EST8_E,EST9_E,EST10_E,AGR1_E,AGR2_E,AGR3_E,AGR4_E,AGR5_E,AGR6_E,AGR7_E,AGR8_E,AGR9_E,AGR10_E,CSN1_E,CSN2_E,CSN3_E,CSN4_E,CSN5_E,CSN6_E,CSN7_E,CSN8_E,CSN9_E,CSN10_E,OPN1_E,OPN2_E,OPN3_E,OPN4_E,OPN5_E,OPN6_E,OPN7_E,OPN8_E,OPN9_E,OPN10_E,dateload,screenw,screenh,introelapse,testelapse,endelapse,IPC,country,lat_appx_lots_of_err,long_appx_lots_of_err
1,5,2,4,2,5,1,4,4,2,4,4,4,2,1,5,4,3,4,4,3,3,2,3,4,3,3,4,2,3,4,5,2,5,1,5,3,3,4,4,2,2,2,3,1,4,2,1,5,1,4728,2740,4282,2360,7041,2651,7503,5692,8292,6574,2550,5824,2352,4274,4171,2074,3376,5924,8540,3755,7693,4955,7914,2931,5157,2331,14620,9322,4274,7812,2521,3923,3098,2307,3625,4954,1571,6268,4910,7672,3047,8336,3025,8301,2799,3207,4003,1402,2975,2843,7/6/2018 13:34,1280,720,8,246,16,1,US,39.7156,-82.953
4,4,2,3,2,2,2,3,4,4,2,2,3,2,4,3,4,4,3,4,2,4,4,3,4,2,3,2,3,2,4,1,5,2,1,4,4,4,2,3,3,4,5,2,5,2,3,3,4,4,10453,2683,2634,1221,1157,3914,6217,2410,614,2652,9707,2800,1484,1182,2983,5946,3084,3100,1981,1369,5465,2567,2418,2511,9281,2831,3271,3357,3018,2549,6339,5069,2819,4682,3363,3955,2769,3078,2787,3583,3886,6367,5599,4152,3604,2815,3955,5532,7767,2165,3/11/2017 0:05,375,667,2,192,6,1,GB,52.5667,-2.0667
1,2,4,3,4,3,0,4,4,2,4,2,4,2,2,3,3,4,3,4,2,2,3,4,4,3,3,3,4,4,3,4,3,2,2,4,4,3,3,3,3,2,3,4,3,3,3,3,3,3,4653,4224,3644,20851,1159,2608,0,616,2872,1808,1737,9866,51702,1640,1905,3305,6657,4169,1416,1872,5084,11025,1799,44467,1697,1968,2023,7616,1073,3161,1849,24154,2154,4040,2312,1928,19803,689,24552,2679,1112,2997,2056,2633,1384,440,3353,1319,6178,1297,4/4/2018 2:07,1536,864,4,315,9,1,AU,-27,133
3,3,3,3,3,3,1,0,1,4,4,0,4,1,4,4,4,3,4,2,1,3,4,4,2,4,1,4,4,3,4,5,4,4,2,4,3,1,4,5,4,3,4,3,3,3,2,5,3,3,2800,2568,3135,4287,2268,2320,4454,0,4148,2770,1786,0,1419,3223,2468,1919,1746,2586,2083,2656,3604,1883,2153,1184,3021,2103,2117,3004,2089,1900,3384,2520,2150,2368,2786,2351,1924,3854,2036,5907,4554,4038,31958,2799,2117,2868,3520,2687,1901,99897,10/3/2016 16:10,1920,1080,7,258,12,1,US,47.6201,-122.1408
1,5,2,5,2,4,1,5,1,4,5,3,4,2,3,2,2,2,3,4,1,5,1,4,2,4,3,4,5,4,1,5,3,3,1,4,4,4,2,3,3,4,4,3,3,0,5,3,4,4,7048,15154,2252,3692,1870,3448,11226,2228,2651,1611,4290,2042,2357,2255,2226,3840,1904,1835,1956,1749,2515,2737,1831,1899,2400,2355,2183,2561,2106,2008,2714,23728,3138,1999,2152,2748,2019,2236,1723,2692,5256,2678,7451,2097,2440,0,2208,1950,2373,1887,3/3/2018 16:04,360,740,5,173,87,2,US,38,-97
1,5,2,4,1,2,1,5,5,5,3,4,3,1,3,2,2,1,2,4,2,3,1,4,2,4,2,4,5,3,4,1,5,2,4,1,4,1,3,5,5,1,4,1,4,2,4,4,5,4,4936,3610,9574,4173,2298,2958,4221,3008,2595,1961,5533,5086,2973,2333,85376,3513,4436,3520,3826,5339,4538,11056,3596,1396,2300,4536,3891,3708,3554,1992,4902,4185,2288,2571,5353,3039,5433,2712,6002,4567,3558,2655,3093,3404,2328,2670,4306,2839,2693,2094,7/21/2018 13:38,1280,800,13,274,12,1,FI,60.1756,24.9342
1,5,1,5,1,5,1,5,1,5,3,5,2,2,5,3,2,2,4,2,1,1,2,5,5,5,5,2,4,3,1,2,3,1,1,2,5,2,2,4,3,3,1,5,1,5,5,3,3,2,2883,1847,2905,2624,3624,1904,2704,2567,4105,2072,4623,2408,4184,4568,3079,3047,2735,4105,2696,2016,2592,3288,3695,1489,4784,2391,2120,6544,1759,2896,4720,6304,3520,1959,2696,2497,4497,5680,5345,2960,2273,2832,2352,2681,3057,2040,1897,2903,4719,2648,7/29/2018 14:31,1920,1080,542,161,5,1,US,39.9548,-82.8121
2,3,3,3,4,3,2,3,3,3,2,4,4,4,2,2,2,1,2,2,2,2,1,3,3,4,3,4,2,4,2,3,4,2,2,3,4,2,4,4,3,2,4,2,3,2,4,3,5,4,3903,1496,1585,2472,1867,2188,4051,1392,5841,4214,2196,1408,1811,1912,1627,1331,1347,1612,2032,1325,3272,5049,4637,5832,4152,2129,3215,3405,1789,2986,6104,2135,2040,2035,750,2206,2040,952,1885,1880,1466,2724,931,1651,3183,1231,3819,1489,1634,1752,8/28/2016 14:29,1366,768,68,126,8,1,US,37.555,-122.2687
3,3,3,4,2,3,4,5,4,3,4,2,3,4,4,4,4,4,5,4,3,3,2,5,2,0,3,3,5,4,2,3,4,3,0,2,2,3,4,4,3,1,2,3,3,1,3,2,3,3,48913,4152,9270,2445,3552,33230,7845,16638,6500,5367,6348,4072,1167,6192,38184,3593,6737,18201,14396,8264,4977,3383,21392,22465,6962,0,3768,14849,4721,21011,7592,6414,9200,8557,0,7002,5868,16871,5011,10554,11368,35523,13707,6754,8720,10732,3410,3921,5865,5218,3/6/2018 11:57,1366,768,2,532,24,10,US,37.6922,-97.3375
4,0,0,0,0,0,0,0,0,0,0,0,0,0,0,0,0,0,0,0,2,0,0,0,0,0,0,0,0,0,3,0,0,0,0,0,0,0,0,0,0,0,0,0,0,0,0,0,0,0,4409,0,0,0,0,0,0,0,0,0,0,0,0,0,0,0,0,0,0,0,2557,0,0,0,0,0,0,0,0,0,4560,0,0,0,0,0,0,0,0,0,0,0,0,0,0,0,0,0,0,0,4/17/2017 17:05,1280,800,2,7777,5,4,US,32.7877,-96.8
1,1,3,3,2,3,1,4,1,5,3,4,4,3,1,1,3,3,2,3,1,5,2,5,1,3,3,4,3,3,3,3,5,1,2,1,3,4,3,3,3,1,5,3,3,5,3,4,2,3,5310,965,3016,6227,3283,5087,3156,5500,4744,3487,1949,3814,3482,2609,3517,918,1833,5524,3298,1000,2980,4169,6814,4675,3766,1967,2216,2620,3470,2815,1700,3233,2317,715,3117,4067,2279,2472,2486,4083,6836,3955,1867,1974,1097,1550,4184,1154,9783,1650,2/15/2018 6:39,375,667,4,165,9,6,US,39.1836,-96.5717
1,5,2,5,1,5,1,5,1,5,5,3,4,2,4,5,5,4,4,2,5,2,2,4,2,5,4,5,3,4,5,4,4,2,5,2,4,3,4,4,5,2,5,3,5,1,5,2,5,4,7648,4468,2933,3803,2052,2966,5479,2285,5619,2242,2581,3365,2634,3812,2851,3970,3549,2750,2565,4677,8147,3835,2703,5313,4465,2430,3284,3018,123132,3372,1986,5418,2433,3635,4467,4619,2701,5299,2530,3216,2431,102546,2715,4403,2499,3019,2480,5582,3323,2358,11/30/2017 4:39,1280,1024,3,401,21,1,ZA,-26.1928,28.0711
3,2,4,2,4,1,5,2,4,4,2,5,4,4,2,1,3,2,2,2,1,5,2,5,1,4,1,4,4,5,4,4,4,4,4,5,4,2,3,4,5,3,5,2,5,1,4,5,5,5,5878,3264,8161,2611,2065,1135,4287,2571,4709,7569,3530,6753,1968,4273,2162,3053,4519,965,686,3168,6183,633,1994,1742,4139,5498,2534,3164,659,6766,3258,2202,3053,2457,2362,6688,782,14130,8600,4918,2420,7991,2432,3584,3908,2324,4534,9333,3084,2317,8/20/2016 22:12,320,568,9,198,12,1,CA,43.8587,-78.8341
3,1,3,5,5,1,2,5,5,3,5,3,5,3,5,2,3,3,5,3,1,1,4,3,4,5,5,3,4,4,4,1,5,2,5,1,5,4,5,5,5,1,5,1,3,1,5,4,3,5,11615,4575,3964,3534,12059,3414,6630,3310,2762,4675,4092,4478,2621,6128,3886,5087,6535,1966,2025,6918,17852,2518,2886,3499,5119,2453,4395,5370,4781,4008,4390,5030,7883,6995,3459,9759,2953,5735,3307,3938,3559,10078,2533,2917,3674,3532,3978,10614,7296,3904,5/8/2018 6:28,360,640,98,261,18,1,TR,41.0186,28.9647
5,2,5,1,5,2,5,4,4,1,1,4,2,4,1,1,2,1,2,2,1,0,2,5,1,4,1,5,5,5,5,2,4,1,4,2,3,1,1,4,5,1,5,5,4,1,4,4,5,5,24149,4768,2920,2760,1767,2176,3208,5312,2768,2088,5423,3097,1720,2824,4256,2279,3008,648,2463,2272,1967,0,5904,2120,4753,1663,3088,2976,2625,4121,6593,9968,3600,2096,1144,7777,2569,8880,2408,3168,6032,3272,2864,2312,2952,2703,3671,5040,4616,2520,6/1/2016 10:36,1280,1024,3,194,21,1,US,35.994,-78.8986
2,2,4,2,5,2,5,5,4,4,5,4,5,1,1,2,1,1,4,5,1,4,1,5,2,4,1,4,4,5,4,2,4,1,2,1,4,1,1,4,5,1,5,1,4,1,5,4,5,5,249766,7463,7346,3676,3252,4748,7457,5459,2889,2759,14117,14626,3865,6023,4642,3640,10418,3558,4967,19190,7983,4594,2962,5056,3253,2448,3527,63089,4531,5038,42131,5921,4335,6604,4053,3470,2316,4272,4551,3029,14910,22582,2664,3834,3587,4715,3780,3207,2847,805,10/10/2018 17:01,412,846,25,627,12,1,US,38,-97
3,5,3,5,2,5,3,5,3,5,3,4,5,3,5,5,5,5,4,3,1,3,1,5,3,5,1,5,3,3,5,1,5,5,3,1,5,3,3,3,3,3,5,3,5,1,5,3,5,5,14900,6229,4529,4170,6219,3240,6280,4824,4486,3667,9340,6469,4522,5496,4073,4243,3894,4141,10463,5871,10354,5660,4072,6211,7235,5058,6187,8103,8359,5386,7379,7116,4389,5226,4880,8302,3033,3358,971,6165,8064,8443,4711,4027,4119,4686,10328,6829,4041,3282,8/7/2018 11:43,320,534,105,296,37,1,KE,1,38
1,4,4,4,1,4,1,3,4,4,3,5,1,4,1,2,1,1,2,1,4,4,2,5,2,4,2,4,4,1,2,2,3,3,1,1,5,1,1,4,4,1,5,1,3,1,2,4,5,5,10231,6866,3498,2486,5299,11202,9465,6649,3967,5366,7631,6481,7751,3951,4282,9234,5651,12346,2984,4083,5252,6266,3832,3463,8231,30759,5370,6665,4032,4281,5597,7966,5833,5532,9283,10398,7912,4669,18066,28662,2100,29947,1749,26261,3583,11763,3849,3782,6430,7315,6/8/2017 15:25,1366,768,5,410,6,1,GB,51.5,-0.13
1,4,1,4,2,1,1,4,2,4,4,2,5,1,4,4,2,3,4,5,1,4,2,5,1,5,2,5,5,5,4,4,5,4,4,4,4,4,4,5,4,2,5,2,4,2,4,4,5,4,10211,7920,4117,2741,3338,3818,3183,2764,15518,4094,2787,23004,2284,2940,2681,8518,7187,4138,3084,2916,3536,4518,3035,1799,4541,2287,8086,3702,4160,2069,6308,3784,8937,3578,3621,5464,4950,16606,5683,12635,2328,7167,2279,3781,2934,2882,2301,4625,6399,1500,1/16/2018 9:59,414,736,4,272,13,1,US,38,-97
2,2,2,4,4,3,1,4,1,4,4,2,4,4,2,4,4,4,5,4,4,4,4,4,2,4,2,4,4,3,2,2,4,4,4,4,4,2,4,4,1,4,4,4,2,2,2,1,4,2,5670,3762,3017,5222,4728,3221,8520,6180,3085,6992,1750,8916,1673,1113,2146,977,7901,1489,3318,1354,2359,4893,2137,2504,3317,1605,3907,4371,3095,3954,2167,5880,7882,3520,4169,8008,2698,24901,1595,1605,4072,5367,18152,1180,10415,2755,1421,1575,6836,2011,4/8/2016 0:01,914,514,34,231,23,2,PH,14.5833,120.9667
4,3,3,3,3,2,3,3,4,4,4,4,4,2,2,3,4,4,4,3,2,4,3,4,2,4,3,0,4,5,2,2,4,4,1,4,3,4,2,2,4,2,4,2,3,1,4,4,5,4,6144,4586,5478,2199,3745,7970,9169,2380,2437,3086,2645,8866,4091,2516,6622,3264,2290,7549,5608,2617,4018,2085,1679,1720,2937,1220,2630,0,1846,2699,1964,5017,6411,2621,2526,5957,2074,6267,3377,3467,2692,3048,1590,2948,3072,2301,29118,1994,1941,3124,8/27/2016 12:48,360,640,32,206,11,1,GB,53.1333,-1.2
4,3,3,3,3,4,4,3,4,4,4,4,4,3,4,4,4,4,5,2,2,4,2,4,2,4,2,3,4,4,3,2,3,2,1,2,4,2,3,3,4,2,4,4,4,2,2,4,4,4,54621,2414,2096,2559,1638,1659,650606,4791,1284,3221,1308,1923,1207,1149,1963,3390,1105,14472,2034,3169,1688,361476,1717,2940,2352,2358,2263,18692,1255,1596,3419,1877,3766,2635,3163,2152,2072,1976,1621,3147,3183,2348,1570,3957,2051,1890,4317,1469,4508,1301,5/5/2016 10:01,1366,768,5,1208,13,118,US,37.6393,-122.0442
3,3,4,3,4,3,4,3,3,3,3,3,4,3,2,3,3,0,3,3,4,4,3,4,2,3,2,3,2,3,3,3,4,3,3,1,3,3,4,4,4,2,3,3,4,2,4,2,4,3,36567,10565,12488,5557,8808,6860,7815,16144,16885,4398,8055,4851,3083,6554,11162,8115,10505,0,6823,3465,9320,6597,9752,6417,12884,6907,8939,7290,8198,5378,11653,8103,6189,6309,10756,18954,8078,2963,6428,9356,9800,6179,10780,4608,8126,12081,11746,11042,16453,7994,4/19/2018 14:15,1366,768,10,460,130,13,US,47.6062,-122.3321
5,1,5,1,5,1,5,1,5,2,2,2,3,4,1,2,2,2,1,2,5,5,2,1,0,1,2,1,1,4,1,5,2,5,1,5,1,5,1,2,5,1,2,1,5,4,5,5,4,5,6683,2694,3649,4533,2549,4624,3693,4671,3461,5667,4162,4528,3632,1793,2260,2835,8220,4335,2262,2532,4160,3704,16201,2288,0,3818,6517,3880,2857,2750,3779,5277,6472,3513,4897,9906,5440,3419,3514,5245,3731,3590,2723,9049,8093,3731,3539,3805,4130,2730,6/11/2016 19:42,360,640,8,224,14,1,GR,37.9625,23.6197
4,1,5,3,5,1,5,1,5,4,4,2,4,3,3,2,4,2,2,3,1,5,2,5,1,5,1,5,5,5,4,2,4,2,2,2,4,2,4,3,3,4,2,3,2,2,3,2,2,4,3202,2297,1665,2618,2281,3223,2495,3191,4059,2933,1871,1817,1270,2284,4203,3644,1927,1460,1988,2780,2152,2342,3657,1906,2359,2110,2347,3504,1103,7434,2371,5110,1572,2943,3246,4780,2306,1804,2020,6383,2317,3481,2840,2081,4083,2759,2755,5967,2612,1206,4/16/2018 10:16,1366,768,34,144,12,103,US,33.6793,-117.9055
4,1,5,2,5,1,5,2,4,1,1,4,1,5,3,1,1,1,2,1,2,5,2,3,2,3,2,4,4,4,3,2,1,1,4,1,3,1,2,3,5,4,1,5,3,5,5,3,3,3,21821,3889,4028,12260,5679,4926,7476,11288,3350,5019,2692,10251,5369,34255,11012,9250,4366,7459,6263,5293,8326,2891,9393,5879,30883,7739,8410,13792,4120,5442,11674,7072,4994,3762,5490,16128,5235,49867,5026,35413,4294,19716,9588,19756,7491,32540,6176,2964,9083,2644,10/3/2016 12:36,1440,900,3,538,28,1,NO,63.4305,10.395
1,5,3,5,2,4,2,4,3,5,2,4,3,2,2,3,2,3,3,3,2,3,2,3,2,3,3,4,4,4,2,4,3,4,2,2,3,4,2,3,4,1,5,1,5,1,5,2,4,5,2163,2327,2768,2152,6415,1447,1671,2440,1977,2932,2127,1776,2208,1711,1863,2255,1065,1232,1464,1072,3231,3257,2713,2656,2217,881,1584,2071,2480,705,5641,2424,3351,3776,1600,2232,3263,3649,3168,3233,1801,1976,2320,1983,4832,3065,1432,2007,1425,1568,6/11/2018 0:28,1366,768,2,120,8,8,SG,1.3667,103.8
1,5,2,4,2,4,1,4,3,5,4,3,3,4,4,4,2,4,5,4,5,2,1,2,4,2,4,2,2,2,2,4,2,2,2,4,5,4,2,2,2,3,2,2,3,3,3,2,2,3,71772,6079,6003,58250,12956,6215,8488,13446,7420,15661,34298,21424,18839,5924,3684,3623,4774,27293,3392,2107,17269,39094,5452,15530,5026,47560,9320,4856,5656,9235,35274,14993,4390,6764,3388,33239,9038,15619,9854,11847,9204,59943,6189,7748,7062,10208,5609,3069,8270,8547,6/11/2016 5:24,1280,800,247,768,23,1,PH,14.6,121.0333
4,3,4,4,4,3,3,3,3,4,3,3,3,4,2,2,3,4,2,2,2,4,2,4,2,4,2,4,4,3,4,2,3,2,5,2,4,3,4,4,2,2,4,2,4,3,4,2,5,4,3164,2409,2335,1816,1664,7072,1952,3801,4056,4072,4271,4208,2272,3337,1376,3106,1936,4239,536,2944,4145,2680,1649,1344,6840,1664,4432,4881,992,3649,1080,3640,3624,2151,5175,4087,3031,2856,2776,1016,2016,4352,1568,2287,2833,1815,2960,1905,4887,2688,2/9/2017 0:16,1360,768,11,154,6,2,PH,14.6488,121.0509
2,2,4,3,4,2,1,2,4,3,2,5,3,5,2,1,3,3,1,1,4,4,3,4,1,4,2,4,4,3,4,5,5,4,3,4,2,3,2,4,4,2,5,2,4,1,3,4,5,5,37190,2676,9212,20203,3053,2984,8997,8049,5752,4192,6040,4263,5943,15894,6753,4999,18091,17411,5556,8550,30926,8688,5591,3622,6565,5776,7071,20996,11394,15511,2703,16714,4037,12986,19207,17868,6409,12809,24182,5360,6572,5446,3911,4689,1872,6283,4159,4983,4644,1294,12/2/2016 22:30,,,,479,49,1,MX,19.43,-99.13
1,5,4,5,4,2,1,5,2,4,2,4,4,2,2,2,3,1,2,2,3,3,2,4,2,3,2,4,3,5,4,1,5,1,4,2,5,2,5,5,5,1,5,1,5,1,5,4,5,5,3884,7249,2434,2015,2168,2885,3100,2334,4333,965,6502,2233,2033,3517,2249,3149,3499,2931,4317,2116,15186,1236,2600,4970,2567,3116,2651,3350,951,3552,19772,3899,4117,2597,2683,4367,2383,2518,2100,3083,1316,2616,3185,2833,2418,2234,2317,3652,3751,1784,3/4/2016 10:38,320,568,13,181,11,1,GB,51.5142,-0.0931
1,5,4,3,1,5,2,1,2,5,4,2,4,3,3,2,2,2,2,3,3,4,2,2,4,4,2,2,2,4,4,4,4,2,3,2,2,4,4,3,3,3,4,2,4,3,4,2,5,4,5363,1768,4596,3612,3364,2444,22976,2689,4170,3157,1831,4746,2869,2845,3347,1841,4679,3453,2120,2224,2655,2918,2185,9961,2858,3326,2676,4002,2512,2344,3640,3451,2477,2528,2175,64002,6535,2189,2104,3846,3944,2947,1917,4006,3001,3578,2175,2334,2418,1359,5/8/2018 23:14,1920,1080,7,243,13,1,CA,49.2124,-122.9696
5,1,5,5,5,3,5,3,3,5,3,5,1,1,1,1,1,1,1,1,5,5,1,5,1,5,1,3,5,5,4,1,5,1,5,3,3,4,5,5,2,4,5,4,5,1,5,0,5,4,89357,15584,3336,5464,5320,5289,7091,8536,7008,5792,10496,1848,3832,30696,3872,3584,6648,4840,3080,3888,46903,4264,10040,1944,4864,2863,6792,161568,2720,2993,1856,34496,16920,3504,14296,7872,5168,67975,4848,1751,31714,16571,9976,3472,4824,3096,4168,0,6784,2280,12/15/2017 21:08,1366,768,4,714,18,1,IN,20,77
1,5,2,5,1,5,1,5,1,5,5,2,4,1,3,4,4,3,5,5,1,3,2,4,2,4,3,3,4,2,4,3,4,2,3,3,5,1,3,4,5,2,4,1,4,1,4,4,5,5,16257,1100,1459,1241,2369,1726,1352,1527,1185,948,1761,2388,1983,1551,1877,1500,1041,1488,1134,933,7474,9068,2008,5196,3228,1969,3980,2066,1707,1495,1278,3230,954,1508,2041,1994,981,1810,1282,999,737,3054,1016,1769,1053,1265,1290,2129,2351,898,8/13/2016 5:30,412,732,4,117,12,1,AU,-27.5833,153.05
3,3,4,3,5,2,4,4,2,5,3,4,4,2,3,4,4,4,4,4,1,4,1,5,1,4,2,5,4,5,2,4,3,4,2,3,2,3,2,2,4,2,4,1,5,2,3,3,2,3,13793,1042,2097,1595,2120,1992,5273,2469,4230,2404,13498,45130,2605,3415,13438,929,3166,3798,12287,33215,3413,3359,2557,2117,2163,1827,2905,2508,2329,11090,2243,9263,2076,1715,2773,6489,1532,1419,1706,12303,1592,2285,5751,3246,5610,3323,3639,14221,13542,9618,8/16/2016 20:44,1440,900,49,2432,24,16,AU,-27,133
5,3,5,3,4,2,5,3,3,2,2,4,3,2,2,2,1,1,1,1,4,4,1,5,1,5,1,5,5,5,3,2,5,1,3,1,4,3,4,4,3,3,5,1,4,1,4,2,5,5,14892,5071,4689,2788,2272,4695,6390,4528,4053,8484,1571,2352,1397,5149,2739,1498,2707,2638,2281,2585,1207,2858,1986,2872,2047,1189,1404,7267,2817,3927,2899,3113,2940,3395,4062,2960,3210,3489,2186,5777,4675,6513,2148,6777,10009,2228,4003,4914,1570,4025,7/3/2018 18:25,1366,768,6,192,15,1,US,34.1693,-118.2663
4,3,5,3,4,3,3,2,4,3,4,3,4,2,3,4,3,3,4,3,2,5,4,5,2,4,2,4,4,3,4,5,4,2,3,4,4,3,4,3,4,1,4,2,4,3,4,3,4,5,13888,2981,2936,3004,2553,2453,3816,2915,2951,2851,2018,2681,1584,3934,1746,2152,1535,2671,1699,2211,4034,2332,1933,1433,3731,2814,2187,3800,2301,3498,7315,2787,2632,2964,5357,2986,1898,3783,1300,2423,2751,4702,1951,2698,2231,2598,5517,1413,2219,1967,5/26/2018 2:52,414,736,24,159,13,1,EG,30.05,31.3666
2,5,1,2,1,5,1,5,5,5,5,2,5,3,5,2,4,1,4,4,1,5,1,5,1,0,1,5,5,5,2,1,5,5,5,1,1,2,4,2,1,4,5,3,3,1,5,1,5,4,10290,7884,4657,100875,1896,3610,8143,6544,4373,27040,5408,497932,17252,119656,1331,3561,4080,24352,3064,113192,18992,20212,2736,4824,2848,0,2706,179815,3552,992900,17529,30208,2449,2736,43061,6872,4086,21199,4728,35963,3404,6498,74967,8904,3149,4400,3680,1163,17056,3312,7/27/2016 6:07,1366,768,10,2491,25,1,EG,30.05,31.3666
3,3,4,4,3,2,4,2,4,2,1,2,3,4,1,1,1,2,1,1,1,4,1,4,2,2,2,4,5,4,5,3,5,1,4,1,2,1,4,4,3,1,4,2,4,1,5,3,4,4,5310,4497,2174,1186,2687,3231,6260,3754,5556,6610,25769,3112,1546,34744,2819,12207,5304,5944,8960,3055,1817,16010,17098,2508,7877,7942,3766,4708,3426,12935,4480,3528,2066,2106,12146,5168,2159,11266,4108,9746,4888,4811,13430,7041,1817,6902,2502,3991,4801,1841,2/16/2017 6:14,1280,800,7,347,17,3,GB,53.1544,-0.647
5,1,4,2,4,1,3,1,5,1,5,1,5,3,4,4,5,3,3,1,1,3,4,5,1,5,1,5,5,4,1,2,4,4,1,4,3,5,1,3,3,1,5,1,5,1,5,3,5,5,1376,5296,4120,4736,4376,2095,7200,3087,2847,2920,10599,3647,3401,3705,3400,2320,2776,3096,3706,14136,1474363,6807,4304,2544,64516,2241,4816,3344,1472,5768,22976,12028,2935,2775,40896,4744,6648,13136,2488,19600,5225,77364,3656,2680,2264,5764,2617,4704,2256,1296,5/26/2016 7:27,1920,1080,11,1898,16,1,US,38,-97
1,3,4,3,3,3,5,5,1,5,3,3,5,2,3,2,1,1,2,2,1,4,1,5,3,5,1,4,4,4,5,1,5,1,5,1,5,1,5,5,4,1,3,3,4,1,2,1,5,3,8711,2879,6518,3165,2988,3072,2420,3431,2789,2449,4611,2011,3951,6811,2589,5101,3691,3133,4953,2577,3091,2929,3385,2844,6451,1985,3973,3476,3513,2754,11383,5849,3100,1889,2356,11213,2083,1533,3226,2807,2165,6904,2544,29758,1517,13992,2684,2408,2942,1694,9/12/2016 16:54,1600,900,32,228,18,4,US,40.1117,-88.0417
1,5,5,4,2,4,1,4,1,5,1,5,2,5,4,1,4,4,2,5,1,0,1,0,1,5,1,5,5,4,4,5,2,2,1,5,4,2,1,4,1,5,1,5,2,5,2,2,5,1,9965,3396,13069,6666,6843,5831,6347,5768,10788,2652,10719,3163,3308,6411,6643,4052,7697,5505,9244,1988,5054,0,6864,0,6908,1917,5168,4700,2124,5943,3456,5511,6546,22543,4100,4360,6607,24346,3992,9071,6955,7100,2645,25525,6515,3621,4943,6305,2579,2301,5/24/2018 21:16,1600,900,2,329,10,1,NONE,NONE,NONE
2,2,5,2,5,1,5,1,5,2,4,5,5,4,2,5,3,1,3,1,1,5,2,5,1,5,1,5,5,5,4,4,5,4,2,4,3,4,1,5,4,1,4,1,3,4,0,4,5,3,6769,4114,2921,2721,1897,2317,3047,3942,3845,4417,2650,3931,2135,2248,3297,2653,6316,2534,2818,4088,3666,2422,4269,3621,3466,1550,3051,3719,2280,2485,3400,6298,4265,2670,3870,3650,4668,6306,2951,3229,3217,2563,2773,3070,2684,6016,0,2873,2718,4980,2/25/2018 18:54,375,667,7,172,12,1,US,42.3223,-83.1763
2,1,3,3,5,2,5,1,5,3,5,2,5,1,5,4,4,4,5,5,1,4,4,5,1,5,1,5,5,4,3,2,5,3,3,1,3,2,3,4,5,1,5,1,4,1,5,5,5,4,10030,3936,10008,20592,3128,10983,4672,3904,6888,3600,4360,11920,10585,13785,6303,8848,6032,7256,3599,3231,4837,29031,4696,10799,4759,2969,5895,6792,3000,3273,5456,6889,9447,4463,9922,9056,2696,2632,3408,3992,2416,13344,4672,15168,6353,3800,3496,2696,3833,6889,7/20/2016 19:29,1024,768,36,351,22,1,US,38,-97
3,3,4,2,4,2,3,3,3,3,3,3,4,4,3,2,2,1,3,1,1,5,1,5,1,4,1,4,5,4,5,2,5,1,4,2,4,1,4,4,4,1,4,1,4,1,5,4,4,5,6318,6136,2120,4288,3672,1607,17184,2792,3617,2624,2240,1551,1160,3136,5168,4280,3785,2000,1927,4257,6721,3779,3480,2288,3320,4344,5528,3880,3750,1769,3488,3686,2544,3344,2536,5448,2896,1905,2473,2335,2847,3224,1920,5840,2433,3048,2191,2447,5016,1311,9/25/2018 4:36,1920,1080,7,181,12,2,GB,53.5,-2.2167
3,2,4,1,3,2,3,2,4,2,3,5,1,3,5,1,1,1,1,1,2,4,1,4,2,4,1,3,4,4,4,5,2,5,1,5,2,3,3,2,1,2,3,2,4,1,4,2,2,4,12776,2409,3670,3012,1733,1849,3863,2299,3143,1761,4318,1919,2059,7677,2827,2158,1766,1661,1399,1979,4250,3101,2225,2427,2552,4935,5086,4661,1656,1466,3309,2650,1902,2253,2067,1785,3850,3486,2512,1979,2645,2392,2115,3017,2011,1810,2279,1608,1583,3448,9/20/2018 16:47,375,812,8,158,13,1,US,41.9206,-87.7017
3,2,2,3,4,2,4,4,3,3,3,4,4,2,3,3,3,3,2,2,2,4,1,5,2,5,2,4,5,4,5,3,5,1,5,2,4,1,4,5,4,1,4,2,4,2,5,4,5,5,10789,7152,7128,2194,4345,2344,4577,3285,2487,1657,3180,2902,3714,5095,4056,3778,3885,2112,5421,4635,5856,6394,1634,2591,4721,2484,2870,2518,2666,5336,8671,4878,1957,2910,2940,2965,2295,2241,2268,2745,2574,3493,10379,15138,3342,2510,3885,3900,3101,2685,2/24/2017 3:44,320,568,24,209,17,1,US,38.9314,-89.839
3,3,3,3,5,2,4,3,3,2,5,2,4,3,4,4,4,3,4,3,3,3,4,2,3,5,3,2,3,5,3,2,4,3,3,2,4,1,3,4,2,1,4,1,4,1,4,3,5,5,7132,2186,2950,2926,3763,4622,5297,6881,3406,6036,4561,3648,2100,4138,2228,4234,3757,1957,1979,2214,3480,2926,5894,2929,8180,3134,2601,3503,10971,3643,3469,4794,4655,3602,2824,8163,5213,6743,2971,6334,2479,4765,1998,3014,4519,4367,3335,4931,2888,4064,9/21/2017 11:20,375,667,24,212,15,1,IN,28.6667,77.2167
1,5,2,5,1,5,1,5,1,5,1,5,1,4,1,1,1,1,1,1,1,4,1,5,1,5,1,5,5,2,1,1,1,2,1,2,4,1,2,1,4,1,4,1,2,1,5,1,5,2,4509,1628,5420,6349,3449,2952,2043,3919,2305,1341,2498,1744,22943,2810,2078,4561,3670,2807,1262,1379,11905,3022,9027,2209,4428,5418,2253,2536,4209,2330,7399,3784,1661,9748,4433,25511,7475,3005,2631,22786,7389,2557,3480,2665,3142,7655,2073,2771,2653,1819,6/27/2018 7:46,1440,900,4,254,11,1,CZ,50.0833,14.4667
1,5,2,5,2,3,1,5,1,5,2,4,4,3,2,1,2,1,1,2,2,3,1,2,2,2,3,4,2,2,4,3,5,3,4,4,4,2,3,4,4,1,4,1,4,2,5,4,5,5,7126,3242,6715,3282,2874,5325,4485,3807,4977,4198,2185,3382,3486,10327,4512,3256,4399,3971,4922,4101,6570,3865,1251,4088,5788,2979,3613,3331,3238,3579,3543,7675,3320,5248,6394,4315,2411,4600,4119,16801,3588,4155,2575,3274,1993,5439,2940,3236,2550,3924,5/30/2018 10:28,1739,979,4,222,18,1,GB,54.4,-1.7333
1,1,5,1,5,1,1,5,3,4,3,5,3,5,1,1,5,1,3,1,1,5,1,5,1,5,1,5,5,5,5,1,5,1,5,1,3,1,5,5,1,1,5,1,5,1,3,1,5,5,46003,7400,3816,7721,7729,5183,10704,8112,8209,10924,6560,5352,5592,7792,5865,7480,8240,6744,4456,4472,8615,7313,3271,3719,6464,4016,7888,5856,19560,3320,20777,6191,3720,4872,6200,37001,9383,4344,4240,3864,8887,9520,4784,6512,5504,6872,5640,4728,4448,4824,7/12/2017 8:14,1920,1080,36,544,28,1,US,41.24,-95.965
3,4,0,3,2,3,2,5,3,5,4,3,4,4,5,3,3,3,5,1,2,3,1,4,2,4,3,4,4,5,4,1,4,1,4,1,4,1,2,4,3,2,4,3,5,1,2,3,4,5,7480,5132,0,4097,3271,3183,3652,3203,4401,3685,3258,5277,3608,5649,3878,3474,4621,20694,3067,7364,7141,3491,4816,3563,3524,3527,14199,4578,2822,3604,8815,4510,5760,3254,5666,3615,2032,5268,4146,4006,6172,5620,3148,4566,2522,2835,3012,3744,3450,3850,1/12/2017 9:08,414,736,4,238,11,1,US,40.0548,-75.4083
1,4,1,5,1,2,1,5,1,5,1,4,2,1,4,4,5,4,5,4,5,1,4,4,5,3,5,4,3,2,5,5,2,1,3,1,5,1,1,5,3,1,4,3,3,1,4,3,1,2,6222,11038,2209,2928,2333,4275,1935,1722,1963,2121,1116,693,5835,2416,3316,1970,1074,1946,1881,1854,2202,1641,3249,4189,3439,7731,2499,3810,5480,3106,8224,3826,2409,2771,3746,709,3747,1382,4075,3250,3846,5673,3687,1966,3602,2650,3615,3188,1307,2034,8/23/2016 18:56,768,1024,4,163,6,1,US,29.4754,-98.7972
1,4,4,3,4,2,2,4,2,4,3,4,4,3,2,2,3,2,2,2,1,4,3,4,2,4,2,4,4,3,5,3,5,4,3,2,5,3,3,3,4,2,4,3,3,1,5,4,3,4,4435,1152,1918,1169,1016,2020,4523,1973,2968,1951,2311,1872,1833,1574,1834,2001,1462,4553,1439,1434,3341,1521,1839,2656,3353,1837,1621,2010,1440,2034,1851,2648,2440,1728,2551,2550,1562,2093,1576,2385,1599,3063,1778,2929,2384,2140,2461,1600,1581,716,10/8/2016 16:37,1440,900,253,108,8,1,NL,52.3667,4.9
4,2,5,4,3,1,5,3,4,4,1,4,5,2,1,1,3,3,3,3,5,4,3,5,1,2,1,4,5,5,5,1,5,2,5,1,4,1,5,4,3,2,4,3,5,4,4,4,5,5,7566,2186,1446,2651,2548,1698,2066,2037,1532,2501,3249,2218,1180,1936,2115,2149,1151,2137,2150,3134,1475,1665,2186,1681,2785,2818,3281,2749,3938,2249,2474,2623,2038,2815,2600,2500,2318,4351,1299,3617,1899,2712,2287,2701,1370,1885,1848,1863,2333,1616,10/6/2018 7:33,414,736,4,124,9,1,CA,45.3155,-75.837
5,1,5,1,5,1,5,2,5,2,1,5,2,4,1,1,1,1,2,2,4,4,2,2,4,5,3,2,4,5,2,2,2,4,1,2,3,4,2,5,5,1,5,1,5,5,5,5,5,5,24620,2417,4957,2839,3641,3692,11407,9592,2035,2201,10707,5194,3862,5905,3817,2985,8966,4566,3500,15758,12369,3553,4631,8138,8737,3126,19528,7491,8802,19645,1350,11665,3676,13834,15728,13745,2675,9683,3716,6592,1722,4900,5043,8936,2782,2017,4556,5100,2831,3360,6/16/2017 9:26,1366,768,8,355,5,10,BE,51.2167,4.4167
3,5,1,3,1,4,1,3,3,5,5,1,5,1,4,4,3,2,4,5,2,1,5,4,3,4,4,2,3,4,4,2,3,2,2,4,3,3,2,5,5,1,5,3,5,1,5,4,4,5,15552,5914,15274,9164,6768,3163,8370,6237,4296,4788,4331,4383,5414,4427,7662,13676,5704,7370,24407,4327,9538,5670,4397,8502,4829,3583,6397,10416,3652,5622,5120,6189,20448,9714,35885,6614,5554,5129,1159,7008,5438,6272,4856,8848,3635,13129,7773,6461,11340,4836,3/27/2016 7:48,534,320,21,402,20,65,US,37.4192,-122.0574
4,3,3,3,4,1,3,3,4,5,1,5,1,3,3,2,5,4,4,5,2,3,3,3,5,3,3,3,3,3,2,4,4,2,3,4,3,3,3,5,3,2,3,2,5,2,4,2,2,5,7876,2264,2464,1688,5560,8216,2216,97345,2487,2705,2744,1632,10103,2536,2352,4118,49751,1777,3887,9360,7264,2193,2104,1713,4304,7200,1496,3679,4536,11351,1880,5303,1593,3015,1960,3161,48305,1408,2097,15256,1912,4816,31208,3880,13697,2297,3703,2264,3136,84936,8/14/2018 11:02,1366,768,4,505,17,131,US,30.3505,-89.1528
4,2,5,2,4,2,4,1,5,2,4,0,5,3,2,1,4,4,1,3,1,4,4,4,2,4,1,1,4,3,1,4,5,2,1,4,1,3,4,4,5,2,5,2,5,1,5,5,5,5,16946,15071,4126,3825,2726,2862,8315,2774,3585,2335,10201,0,2132,5386,2137,3334,2300,2554,3732,1835,4375,3836,8083,2283,3213,3934,2206,5279,3232,3239,2566,21289,4386,6456,5269,5369,2098,2149,4704,4942,976,25013,3557,6835,3332,2431,2014,2546,13020,1663,10/19/2018 10:16,375,667,6,270,16,1,SE,59.3333,18.05
4,5,5,2,5,2,5,3,4,2,4,2,3,3,3,3,3,2,3,2,3,4,3,3,3,3,2,2,4,4,4,3,3,3,3,3,4,2,5,4,2,2,4,3,5,2,4,3,2,5,4096,2512,1569,1680,3335,625,3599,2136,1568,1136,6633,1457,1065,3159,1063,1345,2248,856,736,2224,3455,2017,3359,2184,1121,3367,2409,3064,1464,1768,2024,3615,1368,945,1864,519,1656,4248,3024,3304,1783,1575,1815,4489,3238,2744,1024,2248,1704,544,9/18/2018 7:48,1920,1080,77,112,12,1,US,38.6631,-90.5771
1,4,4,5,4,2,3,5,2,4,4,3,5,3,4,4,5,4,4,3,1,4,1,5,1,5,1,5,5,5,5,2,5,2,5,1,5,5,4,3,5,2,5,3,5,1,5,5,4,5,5946,2857,2520,2016,6088,1856,5792,2216,2312,3927,640,2920,3152,3184,1984,2121,15248,1696,1681,3464,2255,3623,2488,1632,13929,2144,3080,2416,2152,3897,3392,4158,2272,2448,2240,4911,1216,2376,2384,5904,3816,5185,1984,3439,2360,3119,2200,1744,4039,808,1/26/2017 11:55,1366,768,4,175,10,3,US,26.6217,-81.8406
5,3,2,2,4,3,3,1,5,4,4,1,4,4,5,5,3,3,4,1,1,5,3,4,1,5,1,3,4,4,4,4,2,3,3,4,5,3,5,3,3,3,5,1,5,1,4,3,5,5,5359,1983,5773,2198,1735,1900,3919,4353,1618,3128,1689,2114,2838,2585,1867,2867,1601,13009,1850,1970,2184,3640,918,3070,1850,2585,1755,2918,2085,4452,1168,3238,1417,1817,1450,1968,1484,1912,1718,4065,1418,2869,735,2710,1852,2048,2491,1429,883,898,1/23/2018 9:57,1280,800,8,128,10,2,US,29.9468,-90.123
1,2,1,5,3,2,1,5,1,5,5,2,5,2,4,5,5,5,5,3,3,3,2,5,3,5,4,2,5,2,3,3,4,3,4,2,4,2,4,3,5,1,5,1,5,1,4,4,5,5,7167,4969,5551,2362,2741,3851,7949,1509,1671,1795,4418,15854,1331,1590,3248,4781,2100,1595,2070,2124,1366,3683,7965,1346,3824,2054,1473,2656,1540,2573,10098,7887,7602,6603,5435,4361,11555,2089,3223,3677,799,1275,2225,2628,2253,4121,3807,2668,1712,1733,4/15/2017 14:24,375,667,6,195,7,1,US,40.4898,-81.4457
1,5,1,4,1,4,1,5,1,5,5,2,4,3,3,2,2,2,4,3,4,2,2,2,1,3,4,2,2,1,5,2,5,2,2,1,5,2,5,5,4,5,3,5,4,4,4,4,2,4,9073,1781,2250,3290,1556,6086,5423,2025,2460,2336,8553,3696,1984,3626,3272,3546,2718,4564,2717,1710,2657,2663,3188,2602,2374,3118,11195,2351,1922,2648,3078,3337,5336,3624,4040,2249,2368,3210,2431,2016,1291,3820,1852,8538,1962,2234,2632,2102,2729,1720,8/5/2018 16:01,1366,768,30,169,13,1,US,38,-97
1,4,2,3,2,3,1,4,1,4,3,3,3,3,1,1,2,1,4,2,1,2,1,5,3,4,4,3,4,5,5,4,5,4,3,5,2,4,2,2,4,1,5,2,4,1,5,5,2,5,4152,3594,5505,6208,8881,2848,2285,2524,18073,2616,4874,7730,6249,3795,8397,2392,3099,2439,3043,2671,4025,8321,6787,2138,1217,18765,6805,2141,2532,2157,7628,3174,1079,1867,6628,2888,4692,3015,2599,2646,2704,3231,14103,3274,4072,1053,1776,1920,3437,1491,6/19/2016 21:50,360,640,8,231,9,2,US,38,-97
1,2,3,4,4,1,1,2,4,5,3,3,3,4,4,2,3,2,4,3,4,2,5,1,5,2,4,2,1,1,4,2,1,2,1,2,5,2,4,4,4,2,5,1,5,1,5,3,5,5,5645,2899,3362,10646,1701,2958,12399,3666,2526,2021,1875,2772,2424,7433,4111,2511,4402,5716,2208,1963,3273,4327,2741,939,3119,2901,3477,3117,4750,3780,2669,4734,2699,7288,3853,3550,4056,17191,2034,4520,2742,5178,1716,3318,3002,4287,3594,3565,3249,2497,9/10/2017 10:32,1366,768,48,202,9,2,CO,4.5981,-74.0758
4,2,4,2,3,4,4,4,3,3,2,4,4,2,5,4,5,4,5,1,1,4,5,5,3,1,2,3,5,4,3,3,4,3,3,2,5,1,5,4,3,3,2,3,3,3,5,3,5,3,8625,3105,3102,2633,1833,2486,3782,8910,2600,2682,3192,8798,1904,15578,4687,2275,2331,2526,2114,2403,6795,4934,1905,2363,4149,2426,3079,7103,3154,2474,3107,4957,5080,2373,3357,5168,3467,13743,1232,14924,2197,4900,2810,5741,1191,1935,5424,2618,3148,1743,10/9/2018 1:41,1280,800,12,215,13,3,GB,53.4725,-2.2511
3,2,2,3,2,2,2,3,3,5,2,2,5,4,3,4,4,5,3,5,5,5,1,4,4,5,2,4,5,5,1,3,2,4,1,3,2,3,2,3,3,1,5,1,3,1,5,2,5,4,6574,2393,5207,3798,1465,2664,3983,3931,4206,2056,5533,3414,1685,1851,1571,2250,2667,1922,2434,1482,5665,2084,2111,1985,2182,1723,2654,2330,1441,3228,3025,2224,3900,2385,2425,4513,3314,2114,1654,3714,2486,3474,15655,1951,1999,2077,5981,2990,2093,1460,7/9/2016 22:48,1536,864,8,157,17,1,RO,46,25
2,5,3,4,2,4,2,4,4,5,1,5,1,1,1,1,2,1,2,5,1,2,1,4,4,4,4,5,4,4,5,1,4,2,1,2,4,3,4,4,4,1,4,1,3,1,2,4,4,3,13112,5036,4878,3886,3100,3663,7243,6499,4179,3813,4096,2884,4362,3726,5491,3021,4174,4272,4367,3404,5303,6811,5480,5166,8425,3487,4715,4085,3656,6558,4315,4759,8331,4511,6731,4453,3999,4143,4211,5887,3660,9512,3939,5123,14084,3193,5997,3648,3828,4463,9/1/2016 3:30,360,592,52,259,23,1,NZ,-41,174
3,1,5,2,5,1,5,1,5,1,4,2,5,1,1,3,4,4,3,4,1,5,5,5,1,5,1,5,5,4,1,5,4,4,1,4,2,4,3,3,5,1,5,1,5,1,5,5,5,5,3417,2149,3717,3900,2634,2937,12673,5014,1347,4233,2230,16140,5480,2461,3170,4152,1743,6462,3069,8863,3951,5684,3831,2441,6188,2593,1985,3839,2501,3008,1469,1175,10525,3577,2422,9755,2481,2522,4275,3384,3373,4113,1611,1479,3039,3869,5621,2573,4791,1772,6/28/2017 17:40,1600,900,36,214,11,1,US,38.3226,-75.2177
5,1,5,2,5,3,5,4,2,3,1,5,1,5,3,1,4,1,1,1,1,5,3,5,2,4,1,5,5,5,2,4,2,2,1,2,2,1,1,5,4,1,3,1,4,3,5,4,5,4,4453,2246,2367,6515,2342,16208,4042,8041,7146,3401,3471,4423,2319,4405,8784,2291,9798,1500,1634,2107,1406,2858,5230,2454,6330,8230,2442,3702,4439,5726,3120,5690,9784,3100,3378,5895,5534,3224,3612,5334,2841,3456,8867,5266,6116,8103,9405,2896,4495,1505,7/5/2018 15:21,1920,1080,6,248,8,1,US,34.9745,-92.0165
5,1,5,5,5,1,5,1,5,1,5,1,5,1,1,5,5,5,5,5,1,5,1,5,1,5,1,5,5,5,1,1,5,1,5,1,5,1,5,3,1,5,5,5,5,1,1,1,5,1,12981,3838,3496,6968,2468,2569,3172,3172,4420,4480,4949,3872,2218,3133,4796,2132,2318,2268,2236,1951,4398,2398,2801,1602,3598,2132,4851,2596,2550,2654,1085,3616,3467,4751,3255,4651,2245,6869,1978,7047,6448,3166,2498,5417,2484,7968,3898,4250,2437,2783,6/15/2018 3:22,414,736,574,564,356,1,NZ,-41,174
1,4,3,3,3,3,2,4,5,5,5,4,5,4,5,5,5,5,5,3,3,3,4,3,4,5,4,4,3,3,4,1,5,2,3,3,5,2,4,4,3,3,5,4,4,5,5,2,4,4,7769,3778,3483,4000,8732,5076,5635,13692,3747,4083,5364,5895,2185,3839,9123,7205,6961,10922,3588,7009,5555,4018,2896,7714,1260,2318,5838,32081,2842,8934,14037,9401,8151,4331,4332,7374,3164,2528,2789,4793,7604,6100,4456,3923,3183,3296,11202,4125,5730,5314,9/22/2016 22:16,360,640,10,315,17,1,PH,14.5833,120.9667
2,3,1,4,3,4,2,4,2,4,4,4,3,5,5,4,5,4,4,4,4,1,4,2,4,2,5,5,2,3,3,3,3,4,1,5,4,5,3,3,2,4,3,3,4,2,3,2,3,4,14996,2786,3741,3265,3483,4227,4027,1928,4770,4242,3541,3251,3691,2146,1517,3748,2447,4156,3746,1866,834,4136,3074,2298,2498,1931,5080,3883,2352,3855,6800,4128,3365,2572,3964,3638,4282,26038,2524,4824,1982,4518,6565,2549,5969,2960,12936,2426,3752,3422,7/21/2016 12:27,768,1024,29,221,12,1,ID,-7.7828,110.3608
4,3,4,2,5,2,3,5,2,5,1,3,5,4,3,5,5,4,5,1,3,3,2,3,3,1,3,2,2,3,5,2,5,1,3,1,5,2,5,5,5,1,5,2,5,1,5,5,1,3,3791,2751,2737,3848,2937,3698,3913,4930,4441,4453,1033,2517,1943,3073,2247,1736,1168,2181,1898,2281,2081,5367,1080,7371,2065,2784,1086,4048,4214,3099,4363,8550,1519,3962,10903,4185,2800,5083,2206,6317,5774,6617,1442,2829,9369,1168,903,2547,2534,1751,6/3/2017 21:22,414,736,7,181,9,1,US,42.3947,-71.2171
4,3,3,3,5,3,5,2,4,2,2,2,4,3,1,4,3,3,5,3,5,5,4,5,3,1,2,1,1,3,2,4,4,4,1,5,3,5,1,1,5,2,5,1,4,1,4,4,4,5,4720,2654,2169,1278,2412,2017,2419,3900,4381,1824,2985,1884,2283,2008,1467,1565,1687,1452,1524,1645,3791,2881,1567,6294,3130,1468,3614,8976,1993,3481,1049,1324,3727,2629,1920,5667,4005,13304,3203,2041,1533,4098,1767,3595,2381,1905,3598,2913,2312,911,5/31/2018 10:38,1280,800,7,149,7,1,US,35.9217,-84.1829
3,1,3,5,2,3,1,1,1,5,5,1,5,1,5,4,3,2,5,5,2,3,2,3,4,3,4,4,4,3,4,3,4,4,2,4,5,3,4,3,5,1,5,3,3,1,3,5,5,3,916,2137,4836,2851,3186,9682,2837,3005,578,2638,8305,7204,1764,4959,2325,4546,2960,3055,1890,2886,7787,6116,3601,1334,8834,9592,5222,4235,10006,4861,19869,10029,3634,5277,3858,4121,2943,3362,8833,4344,2720,3936,3032,5246,3272,2472,4282,15328,3725,2261,5/24/2017 1:40,375,667,5,249,13,1,US,38,-97
1,5,1,5,3,3,1,5,2,5,4,3,5,2,2,3,3,3,3,5,3,1,3,5,3,3,3,3,5,2,3,5,4,3,3,4,3,3,2,3,4,1,4,1,2,2,3,4,4,5,4242,3251,2404,3170,3111,5747,3587,2151,6045,2270,3678,2683,2084,3031,33767,4035,2999,3834,3513,1662,3369,4088,2875,2094,8040,5598,1831,2739,2986,4472,7450,6383,8882,12585,11137,3088,4042,2238,5755,2069,2255,2582,2664,3069,2780,4499,6392,1264,3245,956,11/18/2017 16:01,1366,768,3,230,10,1,GB,51.5,-0.13
4,1,5,2,5,2,5,4,5,1,3,4,1,3,4,5,5,5,4,4,2,5,4,5,1,3,5,5,4,3,3,4,2,4,2,5,4,4,1,3,2,2,4,5,4,4,2,1,2,5,27079,7994,4687,3822,4065,1708,4134,3952,6447,4019,7620,5540,4339,4696,2747,2241,3080,2701,17078,3671,11133,5944,6432,4471,3402,3779,2177,8615,7828,9413,1914,16044,10886,3142,3566,5834,2975,19630,4368,8195,33093,4989,3265,12881,8358,4112,2818,2795,14596,12055,7/31/2018 2:24,1440,900,113,364,21,1,NO,63.4305,10.395
1,3,5,3,5,2,1,5,5,4,5,4,3,2,4,4,5,2,4,2,2,3,1,4,3,5,2,4,5,3,5,1,5,1,2,1,5,1,4,5,3,3,2,2,5,1,5,2,2,4,4727,7056,2035,3870,2822,1981,4090,2551,3101,6701,2866,4633,2700,3018,1399,2834,3350,1934,1101,1734,2617,2295,2165,1836,4296,2951,3328,4632,2067,2383,2169,4851,2168,2828,4118,4000,2317,20052,2516,3883,2433,3383,2200,1999,2402,3133,4084,3200,3200,1582,5/16/2018 20:23,1440,900,43,170,15,1,US,34.0039,-118.4338
3,2,5,1,4,1,3,2,2,2,4,5,4,2,4,4,2,2,4,2,5,5,1,5,1,5,2,3,5,4,5,4,4,4,3,2,5,1,5,4,4,1,5,4,5,1,4,2,3,5,11692,7323,4629,43374,9801,4171,9694,5624,7146,5337,1088,3960,4381,29676,4975,4055,7492,7344,6432,5173,12697,4973,3399,4698,7723,3677,3960,6878,3907,8090,10174,8346,5680,1106,6767,8846,3988,33044,3899,6827,4379,7011,960,999,3778,4675,5309,3161,6273,2892,7/17/2018 8:44,360,640,4,373,10,2,US,41.3081,-72.9282
1,3,2,5,2,4,1,3,1,5,3,3,4,3,3,3,4,4,3,4,5,4,1,5,2,5,2,4,5,5,3,1,4,3,3,4,4,2,5,5,3,3,5,4,4,1,3,3,5,4,11232,66904,48129,23845,4106,14233,4007,64558,5700,3818,5121,3026,6652,52902,6490,3302,4833,6800,3152,19911,3324,4949,3252,5451,8722,3088,4017,4092,3300,3803,5737,6868,3492,7987,6013,6552,5271,31557,3413,3437,3529,9043,48567,3942,3253,4130,8296,4116,3853,3061,7/12/2016 4:14,1366,768,3,586,15,1,PH,14.5833,120.9667
2,4,3,4,0,1,3,4,5,5,1,4,4,3,3,4,4,4,4,4,3,3,4,4,5,4,3,4,3,3,3,4,4,4,1,5,3,4,1,3,4,5,4,4,5,2,4,4,4,4,5833,2100,3487,2399,0,2355,3710,3312,3606,5885,865,1922,4475,2092,2076,6446,2797,3225,1573,6931,3446,2153,1864,3109,4711,1940,9662,2716,2072,1266,3334,4267,2006,7173,3367,3617,1825,1377,2377,1494,2944,848,3030,2887,2246,2148,2417,3222,3960,3975,4/24/2016 9:54,1920,1080,4,173,5,1,NL,51.8933,5.0917
1,5,2,5,3,2,3,5,2,5,5,2,5,0,4,4,5,4,2,4,1,4,1,5,2,5,2,3,4,2,3,1,5,4,2,3,5,4,3,5,4,1,5,1,4,1,5,4,5,5,7314,3200,3433,1834,10752,3116,9050,2353,5516,2417,3951,3566,1101,0,2433,7051,1099,5096,7633,2398,8230,6950,4116,3999,3915,2467,2333,6781,3284,6168,4149,5234,4200,4367,6967,4083,1384,23435,1350,3899,2151,4650,1366,1983,6234,3316,2633,1083,7332,3135,2/19/2018 18:01,320,568,6,227,18,2,GB,53.1524,-1.2155
4,1,4,1,4,2,5,2,5,2,3,3,3,5,3,2,1,1,1,1,1,4,2,4,3,4,2,3,4,4,5,3,3,2,4,1,4,2,4,3,3,3,3,4,3,3,4,3,1,4,4207,4949,841,1315,4450,1133,1901,2403,2534,2239,4203,1527,1148,2933,1628,2498,1792,1117,6690,1800,4738,2036,3028,1795,3701,1534,3249,3313,922,3142,2319,3472,2101,6233,3571,5967,1483,2483,1828,3533,1398,2414,4822,533,2620,3000,1942,3500,663,1288,3/8/2018 14:21,768,1024,51,135,17,226,US,37.386,-122.0838
3,3,2,3,3,2,2,2,3,4,5,1,5,1,4,3,5,5,4,5,5,3,4,1,5,1,4,1,1,3,5,4,5,3,4,3,4,1,3,5,5,1,5,1,5,1,5,5,5,5,10689,9285,1333,2986,3902,3084,4431,5317,1951,1835,968,3936,1067,3437,2836,4917,4100,6667,1683,2334,2932,3267,2217,2199,2532,2650,4917,3468,2867,7083,5049,4467,3468,6149,2781,7569,6785,3300,4818,1683,2299,10432,1783,1799,1114,1619,850,2266,4484,583,3/24/2018 22:28,1440,900,43,186,10,2,US,34.9393,-79.7739
3,2,4,4,4,1,2,4,3,4,1,5,1,5,2,2,1,1,1,1,2,5,1,4,2,4,2,5,3,4,5,1,5,1,5,1,4,1,5,4,4,2,5,2,5,1,5,3,5,5,72446,5211,4590,8151,3710,2697,7279,2696,4844,18816,2382,3716,3866,4331,3984,3844,3045,1821,4128,2031,17013,3589,2801,4165,5157,2731,6232,2906,6159,9004,3333,3018,3933,3471,4291,5154,1952,8254,5553,5416,2635,4728,3534,4624,2578,4561,2788,3832,4636,1934,8/23/2018 4:52,414,736,7,306,6,6,GB,51.5,-0.13
2,3,4,3,3,2,1,4,4,4,1,5,2,5,2,2,1,1,2,1,1,5,1,5,1,4,2,5,4,5,4,2,5,1,4,1,4,1,4,4,5,1,2,2,5,4,4,3,4,4,7815,2854,1884,2870,2253,1910,2866,5074,3094,2507,2904,5572,2112,1935,3251,2265,1805,2015,1320,1499,2558,2094,2412,2334,2419,1931,3307,3393,3151,3514,3048,3602,8457,2096,3646,2353,1761,1953,1656,2029,1518,2908,2336,3736,1864,2805,5266,1904,1663,1574,5/25/2016 19:16,1280,800,66,142,13,1,US,42.197,-88.0934
2,4,2,5,1,1,1,4,1,5,4,4,4,1,2,5,5,1,2,5,1,5,1,5,1,4,1,5,5,5,3,5,4,3,2,2,3,3,4,4,4,1,5,1,5,1,5,4,5,5,8219,6663,6248,5951,3409,5151,4007,5418,4020,4341,8695,5600,5424,59066,23441,3105,7696,4248,11256,3837,12400,4968,3455,4944,4329,5377,5169,5423,3377,4792,7312,30329,8433,6776,21319,8047,8959,5032,4575,5494,6953,41647,3841,17775,3821,4280,4184,3988,21390,3107,2/10/2018 13:33,1440,900,119,460,16,1,US,37.5155,-121.8962
5,3,3,3,5,3,3,5,3,3,1,5,1,1,3,3,3,3,5,2,3,1,1,1,5,3,5,3,3,5,3,1,5,1,3,1,3,3,1,3,3,3,5,1,5,1,3,3,5,5,5808,3353,2731,3492,1863,1500,9155,3497,1371,2714,1754,1747,5140,1104,2534,2081,2565,968,1743,1312,1713,4400,1775,1203,4706,8047,1045,1969,1737,1549,1981,3046,4466,1116,3838,3266,2673,4033,3011,5258,22379,2654,3590,1371,2525,1677,1756,3799,2081,1667,5/15/2018 6:13,1366,768,2,164,10,1,US,35.994,-78.8986
3,4,5,3,3,1,5,2,5,1,2,5,4,4,2,3,2,3,2,2,1,5,2,5,1,5,1,5,5,5,5,1,5,3,5,1,5,1,4,5,2,1,5,1,5,1,4,1,5,5,5223,4835,2486,3767,5620,2526,4379,3992,4588,5236,4579,3150,4924,4980,6541,4439,4742,2586,4068,2680,3900,3228,3584,2732,2858,2022,3437,2232,2124,2394,4348,6825,4208,3034,3311,3198,2315,2810,3954,3444,5692,4972,1407,3874,2184,3443,3668,12980,2710,1660,12/17/2017 10:26,1366,768,50,195,11,1,US,38,-97
5,1,5,1,5,1,5,1,5,1,1,5,4,4,1,2,1,1,1,1,1,5,1,5,1,5,1,5,5,5,5,3,5,4,2,3,5,1,5,5,5,1,5,1,5,1,5,5,5,5,18871,962,67178,1289,660,1127,101105,1228,6064,2297,2346,5248,84320,9839,4993,2502,1878,1665,1126,1765,2208,4132,936,1259,5009,985,1812,1797,2613,1149,21824,1787,1836,3638,2312,6498,3559,1224,1076,2137,2882,2565,1825,2141,897,1649,1349,1574,1820,1762,5/9/2018 12:12,1440,900,1135,403,7,1,US,42.3223,-83.1763
3,2,4,3,3,2,3,4,2,3,1,3,3,4,2,2,2,2,2,1,2,5,1,5,2,3,2,4,4,4,5,1,5,2,4,1,4,1,3,4,3,2,4,2,3,2,4,4,4,3,8243,3600,3168,4280,4272,2968,4216,1879,3232,3040,2840,4624,1856,2408,1920,2280,2784,3384,2720,2392,5567,2959,1928,3759,2200,2856,2808,1976,2128,2240,2464,4744,1792,2920,2392,12847,2336,2296,2448,3191,2608,2976,5944,3920,1400,2864,2072,2056,2912,2768,5/24/2016 9:54,1280,720,5,163,14,1,US,42.4734,-83.2219
2,3,3,2,4,2,2,2,4,3,2,4,4,3,3,2,5,4,3,3,3,4,3,3,2,2,2,3,3,3,4,3,3,4,3,3,3,4,2,3,4,2,3,2,3,3,4,4,4,3,8307,2231,1760,2351,2688,1424,2684,1144,1544,2152,1640,2256,5328,3895,2383,4607,3704,2207,1466,1127,3654,1252,1280,11246,14396,1576,4672,4273,1736,1856,1536,2308,2551,2032,1546,4520,2855,14581,2245,4369,1768,11126,1609,4615,1872,2179,8918,1488,2295,1199,2/15/2017 1:16,1920,1080,3,177,4,1,NL,52.3667,4.9
1,5,2,4,1,5,2,5,1,5,2,4,4,2,4,3,3,2,3,3,2,0,1,4,3,4,3,5,4,3,5,3,2,4,3,2,3,3,4,3,3,4,2,4,2,5,3,2,4,2,5381,6668,2433,1284,1885,4234,1950,1732,4632,4714,9234,2420,1734,3666,3016,3436,915,3054,3400,2317,3164,0,2834,7799,5781,1531,3332,2550,3517,3350,2226,2965,4414,4867,2583,2615,3418,3180,699,3166,7150,6114,3150,4400,2369,2266,5552,1234,1185,1117,4/18/2017 10:14,1280,1024,33,168,9,114,CA,44,-79.4667
3,1,5,3,5,1,3,3,3,4,1,4,3,3,3,3,2,2,3,1,3,3,1,4,3,3,3,3,3,3,4,3,5,2,3,3,3,1,3,3,5,1,3,3,5,1,5,3,3,5,92919,1406,2390,1619,1763,2553,2601,2676,2527,3108,2165,2644,2221,7868,4086,1766,5872,4704,1632,2124,7319,3661,2154,4907,6387,2029,3612,4583,1592,2222,2726,5651,1729,10218,3619,3675,2153,2816,3612,3197,4906,2399,1515,4748,1544,8550,3125,3907,3622,2384,1/12/2017 6:16,1280,800,7,265,27,1,US,42.7654,-71.4676
3,0,2,5,3,5,1,2,2,3,5,1,5,2,5,5,5,5,5,4,3,3,3,3,4,1,2,3,4,3,4,4,5,4,2,3,2,5,5,4,3,1,5,1,5,1,5,2,5,5,13526,0,13185,8400,3361,10673,5631,14263,3000,3801,6127,8743,7264,6177,5304,5592,3680,2088,2504,3006,11879,7719,6410,4096,4048,1863,3617,2984,5647,4305,9153,5265,4799,143480,3912,7240,2415,3856,3841,4448,4177,8071,1679,5502,3952,6649,3329,3025,3854,2825,12/12/2016 10:16,1920,1080,20,412,22,1,AR,-34.6033,-58.3817
2,4,3,3,2,3,2,4,2,4,4,3,5,3,3,3,3,2,2,2,1,5,2,4,1,4,1,4,5,3,4,2,4,3,4,2,4,3,4,4,5,1,5,1,4,1,5,5,5,5,4098,2142,1973,1578,1515,1535,4258,2953,1528,2119,2419,3562,1285,2072,4736,4781,1919,2479,1377,1768,2207,1309,4679,1318,4023,1286,2187,2276,2516,1464,1690,3912,276741,1997,1936,3369,2340,1703,1420,2371,1789,1529,1149,3081,1893,1351,4242,1137,3704,699,2/13/2017 3:48,1280,720,12,392,6,1,GB,52.4,-0.7167
3,4,5,3,5,1,5,5,3,3,3,4,4,1,2,3,4,3,2,1,1,5,1,5,1,4,1,5,5,5,5,3,5,1,5,1,5,1,5,3,4,1,2,1,3,3,4,4,3,4,9313,7429,2303,3586,2298,2450,2758,4980,4588,3436,2486,3266,2532,3124,2666,2550,1886,2076,2904,2360,3173,2287,1947,2762,2860,3886,2420,2848,2270,2002,3362,9174,4396,2412,3056,3954,2194,2420,2438,3970,2918,5599,3732,1912,3786,2154,2020,2454,2574,2244,2/28/2017 22:40,1280,800,2,164,15,1,AU,-33.8,151.0833
3,4,2,2,4,1,4,2,5,3,3,2,5,1,2,3,3,2,4,4,1,5,2,5,1,3,1,5,5,4,3,3,5,2,2,1,5,2,5,4,3,2,5,1,4,1,5,3,5,4,1521051,2608,2790,1712,1591,9683,45782,3773,55833,9785,2309,2464,1829,2355,23732,12804,2267,5999,3105,1671,7223,3628,4394,1919,37414,1831,2164,6012,2466,1845,1596,5602,2054,2639,1331,4385,4448,2659,2441,1735,7010,5458,15865,2775,13531,16239,2121,2229,5263,1467,4/3/2016 3:42,2560,1440,23,1887,16,1,AU,-35.15,138.5167
